x1,x2,target
0.4598176145711172,-0.6502561014123621,1
-0.4567913604530681,-0.48409523012516364,1
-0.7173580112312828,0.12294348231943183,1
-0.004399871497826113,-0.8227671217766751,1
1.0184216273074977,-0.014603544404494719,0
0.8076542261119841,0.25682382109368096,1
0.5823324814941457,-0.44056684431028775,1
0.9070762766496284,0.1121283176579417,0
-0.6521467175303314,0.7081239280222885,0
-1.0056444074605069,0.5303290295530035,0
0.75426781004712,-0.11815557372632783,1
0.704084575903764,-0.31009239881070555,1
-0.7056105875858321,-0.1886156689518791,1
0.4103509147277,-1.0593196090762171,0
0.7068369602565797,-0.36838442957882905,1
-0.2922275029611078,0.9333960354527517,0
-0.9651481722279808,0.12269589204984299,1
-0.6409656576253416,-0.6042531388033567,1
0.8376345223846031,0.4158010312371039,1
-0.24791868865430144,0.727395850739228,1
0.5075569135848107,-0.5288365547125309,1
0.8898739723049658,0.1229568127827523,0
0.965378149331905,-0.3503243456526285,0
0.6405072388238574,0.9781305858971499,0
0.8359082819484387,0.1852718042898195,0
-1.0196377992043597,-0.19693927452865603,0
-0.36135360571366515,-0.43998003929577556,1
0.09972074759916716,-1.131985256861897,0
0.7651660825600102,0.6190151783288842,0
-0.3125220429981848,0.7735821236535936,0
0.39923689121942707,-0.7807770631180588,1
0.5695612674657845,-0.4202498588686021,1
0.2867794145574232,-0.8602257046323865,0
-0.7029980596820877,0.8221694497666225,0
0.9526779441344898,0.2642380568513061,0
-0.4469322790398866,-0.8512751809680132,0
-0.790465695418618,0.19045794673625335,1
0.48452182248738346,-0.8753300982762736,0
0.6700662385585958,-0.655543951265137,1
1.0141135705858202,-0.259969813937337,0
-0.08956930771384684,0.7482524172801669,1
0.254939384065037,-0.9654705755408145,0
-0.49655495108601094,0.5524488519353334,1
0.9485504210436022,0.08331664695533078,1
0.6880048492739064,-0.3243317131154822,1
0.5782867585772365,0.5506109427999522,1
-0.12028178453470588,0.9259879667090065,0
0.4125656459348068,0.8672004453298822,1
-0.6690587775967154,-0.6618306707074975,0
-0.2658671499964837,-0.7297248504001991,1
-0.7772077591919034,-0.5229668238381844,0
0.19767351391340485,-0.8780378840833458,0
0.6071512153463234,0.2996128321040801,1
-0.6713119156177311,0.1901318050094841,1
-0.5318334096129983,0.5198461254449338,1
0.6605926128018371,-0.9831238063709905,0
-1.007582403814791,-0.6240530164121416,0
-0.7640835451883187,-0.10140830252362415,1
0.9941914474999958,-0.818637509654817,0
-0.6075903172966628,0.5141901575450231,1
-0.6121232908448629,0.6716141258559583,0
0.09629400035743713,-0.829110461873202,1
0.2002240559316514,-0.8101021293864199,1
0.5753610945387109,0.4741426432785807,1
0.22107747385002663,-0.7634588430516197,1
0.6764659617489986,-0.5315797198598511,0
0.7053411860419584,0.5879009785488739,0
0.31708705659971237,0.7688367102128602,1
-0.51661681812699,-0.4418121932068966,0
0.10336648890963174,-0.8097191717420726,1
0.7496685300737302,-0.2700618529755048,1
0.9182685003359556,-0.10987076446374805,1
0.723526032863977,-0.327600896421597,1
0.5441636169305104,0.5596612072548882,1
0.05216165505689609,-0.631244973023431,1
-0.9898254560443881,-0.13669924613434592,0
-0.9737149316672055,0.23988066845455577,0
-0.7865945795866028,0.46716734239875357,0
-0.9000788140114272,-0.14891739666633844,0
-0.7571391166550127,0.6135594450974222,0
0.5407664463889128,0.26249162285802463,1
-0.16120285648284874,-1.0226667011685726,0
0.06170347724284582,0.9011915051015564,0
0.268402151042738,-0.5274317060539554,1
-0.7524075803155263,0.3023258978873499,1
-0.9961667518379529,-0.029595039872725243,0
0.23437354213053532,-1.0374051326635865,0
0.6402016942995075,0.7568032803702339,0
0.14720575587058315,-1.029321030366277,0
0.9687742674460489,-0.8126432132467458,0
0.7069085611173137,-0.656971371349428,0
-0.7909722427615403,0.05451561387785788,1
0.6924929058972771,0.27587260650224105,0
-1.0894408487127185,0.2193929347899951,0
0.6827184356473591,-0.35005164563847146,1
-0.6748328466838982,-0.4807510580958774,1
-0.1812626842034317,1.0764417586044135,0
-1.1070384865957668,0.22504924531462694,0
-0.6014432862296757,-0.6912476598630362,1
0.7733230509966142,0.18704889889743392,1
-0.9386759746252541,-0.05453182357477126,0
-1.0923569273071863,-0.43028016909202715,0
0.9313263609658977,-0.5310313879903695,1
0.5685643238080774,-0.7299437813380889,1
-0.30691596911141816,0.8611677982867226,1
-0.6487235502563673,-0.49003425671388506,1
-0.6792362395045114,0.17115770563152993,1
0.40943457253071636,0.7755608185588938,0
-0.5493414222864016,0.3322589277176579,1
-0.508649129056343,-0.9243664856630938,0
0.46164470851485523,-0.6241536194998819,1
0.5848873670594366,-0.5736886022643808,1
-0.6883737378079686,-0.1745172749559903,1
-0.9154076973239195,-0.5446818919488905,0
-0.7576662217963721,0.9213782398657617,0
-0.513375572738198,-0.8701808517946965,0
0.49299424454467744,-0.5763762312664922,1
0.9340176662764602,-0.005013801078566832,1
1.025028229759679,-0.5017197075708114,0
0.35209468501746755,-0.6589309360258098,1
0.9304538053498839,0.40752103141398915,0
-0.5040147312246315,-0.7942986142982333,1
-0.8526820850046982,-0.5945852956004798,0
-0.9426486515657979,0.3074748272098288,0
0.5198051089852641,0.8390091391801768,1
-0.0051205779955175446,-0.97503733654081,1
-0.3166593245382433,1.1079143379071232,0
0.5962949983439405,-0.3231234489466133,1
0.7876323934788577,0.0905885879859736,1
-0.3277708124601817,-0.7861135420755075,1
-1.0048202712382437,0.10266498319640938,0
0.8021987348562809,-0.5026138773168676,0
0.19542100721003214,0.7074281076226849,1
1.0670649817505036,-0.1433115482038175,0
-0.9733751678359572,0.28373412964980593,0
0.9968707796646775,0.43467415684945365,0
-0.10163862814072892,-0.9416269991103883,0
0.8294548261925277,0.13989086717908422,1
-1.039569735388123,0.1792586509733432,0
0.5166718036182812,-0.9822948803885991,0
-0.8523744616758048,-0.1680073441414413,1
0.6841476518392343,-0.6489304545057112,1
0.2574713209858938,0.9036318741832319,0
0.8065577863193265,0.7262218720993593,0
0.18282542525401008,0.8723169793140827,1
0.44219651281863537,-0.7162671431005294,1
0.21564275033730756,0.8377514465121687,1
0.39622378908599376,-1.0313944059774722,0
-0.5715275750776199,-0.7195825983918733,1
0.5459204057285166,0.7622040981053027,0
0.07813015301598747,0.8007626424265109,1
0.6229113941875125,0.15143614305606662,1
-0.2833604009074701,0.8759969535138747,0
0.7181537186621864,0.43125755758716117,1
-0.28795884391715,-0.9150538836787201,0
-0.20860566519918658,0.8198776789575962,1
-0.19113865262123425,0.5985116625996257,1
0.725208978548722,0.43042924607627076,0
0.8966980606428125,-0.0801287055808722,0
0.6688105878687904,0.6093797337864909,1
-0.4117779420235064,-0.9879983471300908,0
-0.8701407110935654,0.030548388794622915,0
-0.8892686884241566,-0.7239817615800791,0
0.028249551525461866,0.9361939812418019,0
-0.8486201875300636,-0.29898668729627254,1
0.6790361045993132,-0.31440333387530595,1
0.3887706013080487,0.609119466653093,1
0.5572651236588873,0.7193437122196162,1
-0.38157810309365847,0.8983971764785229,0
0.5426754763908057,0.6822763718093476,1
0.6791825857429273,-0.6533067091663509,0
-0.24508285947408365,-1.0640420566388666,0
0.12572266797597997,0.9642008108131034,0
0.7431764923795585,0.814085688688867,0
0.2809919824431011,0.8382407707720486,1
-0.1844028893626305,0.80399784369099,1
0.9148059582167919,-0.09412228578633224,1
-0.8904382316469177,-0.2794308069086666,0
-0.840732837741022,0.16708954702596157,1
-0.6292950139858079,-0.35298439870165865,1
1.2792727938804211,-0.08010320761714831,0
0.28194814666403956,-0.5785098753213833,1
-0.14730698576826473,-0.9386458441864909,0
0.7502014772954679,0.5085481217788084,1
0.5378136124510764,0.6149406558369986,1
-0.5814471898001865,-0.42974009388362194,1
-0.7001640741168377,-0.6893280366320711,0
-0.3750535208872936,0.7395492296776307,0
-0.2867041372779224,0.7093648884054132,1
0.5966341300815395,-0.7568749946450476,0
-0.021096669837199874,-0.7627510323768328,1
0.47078820293122664,0.9034763047008395,0
0.41083190055833874,0.8959195111965208,1
1.055831858924959,-0.04195959274595615,0
0.43397615248758065,0.5649696320325795,0
0.39773594648768906,0.7423572377661153,1
0.8609915568375104,0.058950813585274375,1
-0.8849795764524069,0.10189038457870864,1
-0.7184037888221775,0.2767591443396046,1
-0.7401962675568452,-0.07313628019228018,1
-0.7063949894716477,-0.5535595911746609,0
-0.13494626901651469,-0.7567415978061448,1
0.549139584178668,-0.7038776503044938,0
-0.5911549442092174,0.5979472618168862,1
-0.6485740865392017,0.5084365853048185,1
0.8060576518188565,-0.14230399393711668,1
0.21574809533506156,0.7393399549929037,1
-0.0069708796751768165,-0.6980599838614735,1
0.7583909062737957,-0.12021505677580342,1
-0.7840586796706136,0.34630094860469196,1
0.18856968894529835,-1.1228073790091069,0
-0.5663067764147532,0.7599273180627149,0
0.012855766028310928,-1.0177103379482249,0
0.7384511827111229,-0.5037090147751304,1
-0.632204230111997,-0.32226052831305907,1
0.8088008243462561,0.16163652840549175,0
-0.587820775599678,0.48299985117350475,1
-0.07237348954560058,-0.787273720148037,1
0.9156680115613062,0.5133942358793833,0
-0.5379440880666833,-0.9956485537972469,0
-0.4159820368811746,0.6389891027033179,1
0.29591278101617957,0.793934508580208,1
0.8076825245696034,-0.8737123172545015,0
0.5713570142019901,-0.5541289441197145,0
-0.1940311520170872,1.0621806371294682,0
-0.5180954262116092,-0.7515049226502044,1
-0.33027175098738576,0.6728594191435796,1
-0.21049057386654402,0.7686689725688615,1
0.6717060119939013,0.21238362476651532,1
-0.580546151128479,-0.925922840372061,0
0.1336283664103431,1.0762745632825605,0
0.19454581030044032,-0.9155615811677439,1
0.6438721079276779,0.1585371379053868,1
-0.40139026356401475,-0.8291788569606375,1
0.8830667421640324,0.15647896559896168,1
-0.7037115906546656,-0.1429201893847775,1
0.536277304737664,0.5596489971543342,0
-0.054985101658439825,0.8027665018411438,1
-0.6344950154051429,-0.7713151640752072,0
-0.3635534942196591,0.7681366209624958,1
0.9564103067147768,-0.34707231972922764,0
0.8016279870424791,0.30094270087157593,0
0.7959853295356709,-0.3371334753936102,1
-0.6046399666120527,-0.36405471927107025,1
0.8255597554577481,0.41082905200973063,0
0.11339488591863414,0.7317807098501012,1
0.8924529875232419,-0.19213373197666195,1
-0.6140581247072998,-0.5981033943388239,0
0.8545943768930587,-0.3615526423889031,0
0.4560871676382386,-0.23554048544712344,1
-0.5808491418316161,-0.8245396018647172,0
-0.6157572289413205,-0.38553838656418715,1
0.49913839348268263,0.9082380132741195,0
0.5459429384862983,-0.5186386892700293,1
0.5768304257161714,0.6466518104303624,1
0.6056567612037279,-0.5663243166923885,1
-0.8053406830296552,-0.5452508823681905,0
-0.3180021544932834,-1.004712822659899,0
0.8966569243264688,-0.054075683534204604,1
0.501311302067219,-1.114325798353232,0
0.0028554381297964133,1.073834043333946,0
0.29308705456566625,-0.8108894861504322,1
-0.6200720493935593,0.42503440819695865,1
0.5599344748754098,0.21211749750530384,1
-0.8041260610683945,-0.10107001406388519,1
0.6307902316159575,0.38992730243780127,1
-0.6336988201674211,-0.3166389811614414,1
0.29892754558081597,0.7206019675434759,1
-0.38169066012929437,0.9109316837263283,1
0.10741753208485726,0.9368504865958891,0
-0.03196192673156874,-1.0264181207209018,0
-0.9802830331920765,0.131056513879851,0
-0.46823125484276107,0.7763917713900386,1
0.7543265632092967,0.3030624362412747,1
0.1815216708774787,-1.0985510764565476,0
0.05563503909619734,-0.8352110261078043,0
-0.2730290538174916,-0.8288930660140166,0
-0.5844604401103797,-0.8210962424846965,1
-0.4263384600391835,-0.6177927125869932,1
0.11165495080929794,-0.9208820936557766,0
0.5768429720333766,0.583940606888332,1
-0.8415565119841791,-0.12093491230839967,1
-0.8300557827710713,-0.33055365005745907,1
-0.7432821045897343,0.16693867265965281,1
-0.6200108620040965,-0.4692799044544026,1
0.35878253665926646,-0.6399750944946361,1
-1.0310360167158397,0.42959167309167656,1
-0.8850145963836672,0.3771713113119033,0
-0.4031998890514015,0.8896490955434265,0
0.9703138571059926,0.20862644882949816,0
-0.8928533169578118,0.3172049601302804,0
-0.8736518442972157,0.14761730004593063,0
-0.8028179338616439,-0.05640207611096029,1
0.8037906152267867,-0.6422472639641362,0
0.1358947999850858,-1.1746591357138187,0
0.7424385152943799,-0.7243815453602942,0
-0.8540928661946623,-0.034751564133055385,1
0.23039111039955323,-0.9407571851655705,1
0.3869770035152791,0.6092551208824653,1
-0.3924091533497428,-0.7101860177688837,1
0.8728790598407442,0.5895993766949799,0
-0.39032757098924514,-0.9251725665330587,0
0.18759538765048644,0.769395739184263,1
0.32850448933285303,1.121295837448867,0
0.8035079573475271,-0.1643307431265082,1
-0.4567540251226165,-0.3968969784015992,1
-1.0266168701520846,-0.41535896789360616,0
0.9722989441403366,-0.34831656401995803,0
0.1384951279177679,-0.8808349949291486,1
-0.3018275487914118,-0.9033727306734162,0
0.9049193066963349,0.5671499569458974,0
-0.21796769328949472,0.6231308104835299,1
0.2181968330320334,1.0189762215742566,0
-0.6959605314740371,-0.6177814117188699,0
-0.8838727944685786,-0.612092266944737,0
0.476541139402774,0.775831092745066,1
-0.31929163796414056,0.855118133154645,0
-0.5421020950613508,-0.9155955122183065,0
0.253524190077251,-0.8510645679927702,1
-0.17449380130676787,0.9842480611324438,1
0.1955246371946646,-0.8524991807463265,1
0.5928426000987786,-0.7515005527770152,0
1.0062519357162836,0.3338251795574932,0
-0.7706104767076957,-0.33771956809760384,1
0.8068952919942176,-0.24308594712995732,0
0.8422237341039742,0.6273557387576104,0
-0.20576841012611385,-0.7472976722981921,1
0.8092555235526542,0.6433093885900223,0
1.0090443685154826,-0.2628981022354352,0
-0.687733241701148,0.5301377380495677,1
0.8196629348686142,0.4367962336506277,0
0.8002375297638379,0.6398797364879916,0
0.520155742476324,0.5822014444118571,1
-0.5639720248696287,-0.32254971404924787,1
-0.5726177177516114,0.6318582925528673,1
-0.4286529731133748,0.9931199144437229,0
-0.4844595225458736,-0.8806274155096584,0
0.9723238620560196,0.10738956643598477,0
-0.26052834621688015,-0.7537380287737127,1
0.6902233375389125,0.4283162661491182,1
0.11703407815052189,0.8790555500620494,0
-0.2735933768740442,-0.5352014367280674,1
-0.48830974858216347,-0.797750285090696,1
-0.930245960446665,0.071601937945976,0
-0.4184550420050419,0.9151305409819095,0
-0.5770346658424065,0.7376263774178209,0
-0.44262699209964224,0.5329247585212298,1
1.132520557975309,0.07247307123854603,0
-0.8181235843506015,-0.11090429196531845,0
0.22137953241935915,-0.922797783579899,1
0.7599813076030232,-0.23684886345713185,1
0.28687821984202333,0.6587468366162281,1
-0.5515545000623503,0.908693660843324,0
-0.6792630601611376,-0.1353768802496682,1
0.2552379497582411,-0.8957341223466965,0
0.026315615836250417,-0.741850931024832,1
-0.9225553367612219,-0.19918767097509218,0
0.7625745323806413,-0.27159040030600423,1
0.6185144672021764,0.30948249840850417,1
0.026980245914337314,-1.0238237261456473,0
-0.05346895689231273,-0.753509861687276,1
-0.8341909443909974,-0.21646241907413172,1
-0.26849957460118534,0.7935940708397755,1
-0.19600330474933758,-1.046937269970719,0
-0.8090941778410524,-0.5403800682291992,0
-0.10728311144054604,-0.9596319341029386,0
0.33962972364609545,-0.9695292336957826,0
-0.017060154841925856,-0.8697038951974712,0
0.7995249698293184,0.16516575443559522,1
0.836626490326106,-0.1938768973353468,1
0.6071053559596524,0.26269498322374313,1
0.5436470034336724,0.4790997470932157,0
0.9717908931569014,-0.7038131048064189,0
0.8567405549620123,0.41440556423398045,0
-1.0417830500929819,0.37130060520779834,0
-1.082440016610405,-0.06599375150748171,0
-0.5624119377394758,0.6290176390344444,1
-0.9394604270711245,-0.4723932633759436,0
-0.662599451222003,0.2629688475648033,1
0.770456527992303,0.7632801047926577,0
-0.8223087555322187,-0.512633928463017,0
0.1308625869668528,-0.8496136324546004,1
0.33972432864309315,1.108257452116244,0
0.3436668284711422,-0.7982942478299594,1
-1.0078763384804057,0.49456932115603935,0
0.6557479171915123,-0.5167653064815593,1
-0.1846934345673456,-1.0474798641034044,0
-0.7134854815815679,-0.7129229013573876,0
0.9098140924791456,0.3491987098664288,0
0.12542993261411417,-0.7040536020086632,1
0.0033842535255349387,-0.9185630241243953,0
-1.018612673496504,0.028536079368924397,0
-0.8728908682845788,-0.16479595055539575,1
0.4193792588824661,-0.599318410105843,1
-0.42235132472969056,0.8416126937577358,0
-0.4591495176527515,0.7151192464538864,0
0.520406872348312,-0.9649300249288774,0
-0.41456619689781515,0.4595520893641212,1
0.8544132814261431,-0.5647828793389972,0
0.128217734391185,0.7905684956692324,1
0.6468609547644114,-0.4075056996891182,1
-0.47243272553215493,-0.537687854181738,1
-0.7715279139004091,0.1756381617346467,1
0.407640784934285,0.7042093997915639,1
-0.2880062686793837,0.7029002433993203,1
-0.906464723125864,-0.20057770731837996,1
0.888766963892443,0.3595830308288498,0
0.3072896150908581,0.9653206557408099,0
-0.769150895361395,0.2226090823901946,1
0.7019189759565148,-0.45031875977719615,1
-1.0322675699073245,-0.19036980709523632,0
-0.8391738948890547,-0.5034440333823349,0
-0.4195922332675229,0.541859603601919,1
0.061351980461385104,1.1918415751410238,0
-0.7670631848543513,-0.12505712541439065,1
-0.07996640988394887,-0.806192655314258,1
0.8104888055407399,-0.4581978046235845,0
-0.9481150764757809,-0.1603815354743284,0
0.3594011553132066,-0.5119600327029352,1
-0.6929530284360951,0.5423778260476866,0
-0.692767462352806,-0.499644795774383,1
-0.8651737735688038,-0.4220468516747137,0
-0.3585760505602405,-0.6940412446890297,1
0.7396275555620285,-0.6118507963003121,0
0.07707422742028758,-0.9053757388204188,1
-0.07604551294252694,0.9526921141479283,0
-0.1850776677061927,0.7639621936066877,1
0.5123081351317685,0.57699649637858,1
0.8450697965677617,0.15337622148572272,0
-0.1291503747305438,0.929089705966518,1
-0.03862449256058231,0.7953053977468467,1
1.022424564452203,-0.09073381341920808,0
0.9554043303426842,-0.02502314535825753,0
-0.5990142431280666,0.6304091665049485,1
-0.5277057681503436,-0.21008074633176543,1
-0.07352746520121546,-0.7867788614192485,1
-0.35455690748347046,0.7464575143988273,1
1.018890679406345,-0.054671240769190055,0
0.8805019480653009,0.7561403391985103,0
0.6672551556745049,-0.3488407559634642,1
-0.8042120712387791,-0.8026796090924458,0
-0.8836366954604852,-0.4179031025034437,0
0.4412166493819325,-0.5280701710950836,1
0.4503893278714007,-0.7133092292222181,1
0.2595027208063269,0.743829988581721,1
-0.001001133167733273,1.105527203035134,0
-1.0064544043720092,-0.26959990678625306,0
-0.2092408766763088,0.8598672024951786,1
-0.8358114293787682,0.7934072470124078,0
-0.5402841417992038,0.9472593918183998,0
0.4343663397619329,0.6546568394785531,1
0.32019601475044424,1.0699501800265803,0
-0.04173358697443466,1.0156664620245752,0
0.6416738113160895,-0.7683546643440965,0
-0.521419192791652,-0.6495872089737089,0
-0.5726782266220736,0.5981772209291043,0
-0.6531174997287232,-0.41570971061915507,1
-1.0528646095007357,0.2118903381875889,0
-0.07748801534948684,-0.7152039112725522,1
0.015551682583112222,0.9660197928837436,0
0.8748171003845173,-0.25840101906128193,0
0.7465488622557941,0.31970082774023223,1
0.9251681891989268,-0.029713226627167452,0
0.6127025533116499,0.7786434961479621,1
-0.34290699129709323,0.7612083057767342,0
0.055994764252778044,0.715649643947208,1
-0.43677540331890585,-0.5639485064446165,1
-0.20611447026298182,-1.1357264966097287,0
0.5077089671111459,0.4318328139050678,0
0.0043302957153519075,0.6510447608153065,1
-0.11135753735289895,0.7421499143149695,1
-0.07287221711141881,-1.2433992386165995,0
0.12830268415771462,0.8019745185251376,1
0.7582273562603872,0.49527663367925656,1
0.5248275714028698,0.8405460727396621,0
0.13328950635372705,-0.9834318331705153,0
-0.9882957371242168,0.4733917067271348,1
-0.8485119722129164,0.49945058728988934,0
-0.4986893012405573,-0.46289806861024707,1
0.43730271527195674,0.973599872021705,0
-0.46732727193176604,-0.7884977062439645,0
-0.3656661639786213,-0.5854486390485716,1
0.5560625197781112,0.613330238459103,1
-0.8588848766468661,0.07794303967034374,1
-0.3012989201863248,0.8171590745111494,1
-0.4794937306359952,0.6615725364654397,0
-0.6147396429961342,0.36466239747606977,1
-0.6655093322433301,-0.59171069012479,0
0.814280247477253,-0.3879131425765525,0
-0.6800357548076673,-0.7612955805288628,0
-0.675387725383423,0.7129101579371465,0
-0.16709295089735077,0.6399025068048173,1
-0.81154283450225,0.6708522397771711,0
0.2240581006683187,-0.8932197468401465,0
0.08008283275272417,0.9040858696833797,0
0.7795688574960681,0.4386860748727825,0
0.7386428997977903,0.6874718766543012,0
-0.7154177823658237,0.7424931738606075,0
-0.039446141633851434,0.5802604217824113,1
0.5564515390879843,-0.10252983351444749,1
0.2970601557248313,0.7923965653930694,1
0.6883840958517948,-0.5433962706270633,1
0.40116476127401846,-0.8448517762594976,1
0.9669365429487148,0.23191577029879204,1
-0.762858970587484,-0.6015485605875248,0
0.2614300549581143,-0.7737410826137139,1
-0.267304607912038,-0.6482509677796582,1
0.5240788676521463,0.6874519676404174,1
-0.819123361081038,0.3045000763985793,1
-0.8504073198983635,-0.45682083037855564,0
0.43249113739135786,0.9843431794434492,0
0.8065627130653097,0.11494681383569749,0
0.5221742295016883,0.6254606557095829,1
1.0389038881467867,-0.232787068496585,0
-0.8382981355887625,-0.15746726390643814,1
-0.7211143918399133,0.10895731961441493,1
1.015919152379285,-0.1172759672908713,0
0.09061241497505455,-0.9033602071753462,1
-0.5843338861679792,-0.5385678215185457,1
0.7620110159947951,0.0903291471313033,1
0.6400817036538199,-0.2576097987279,1
-0.7388371572293713,0.7655685617999918,0
-0.3916788733230386,0.3292922574875745,1
0.8096415851318505,0.34850964461181616,1
-0.08702200226153481,-1.0110286356618932,0
0.7458723320190055,0.5185751377141133,0
-0.3226117898369075,-0.6479972825065008,1
0.6321327146095979,0.23217088394822008,1
-0.7754418932323137,-0.2119611588979985,1
0.9343948368695294,-0.07556084194115317,1
-0.014897245694504378,-1.051313171607617,0
-0.43897817596173855,-0.28615293865418157,1
-0.39531782643915414,0.659911996452872,1
0.19825312447364685,-1.1307251868940005,0
1.1375946994740007,0.35979539680061295,0
0.8137132165392615,-0.5717309558871506,0
0.6352497082466974,-0.42757337155887165,0
-0.04476620434913088,-0.6065708067956741,1
-0.6940030274704947,-0.523465752407832,0
0.9395688194875942,0.16939672586380927,1
0.24737108553522397,-0.8027270892113638,1
0.298221794161255,-1.0771045416706244,1
0.0031228914602963453,0.9375023455049176,1
-0.06407212932592146,-0.7590879911508515,1
1.1439497969891013,-0.131214417183329,0
-0.8812017806122721,0.672083135477639,0
0.8007598235214706,-0.5505689112329429,1
0.7032854257071829,0.5787539357778596,1
0.3923876446567507,-0.8192845182759251,0
0.6278612244498474,0.2836293120202163,1
-0.26747746126330907,-1.0286927448104528,0
-0.5664779644540306,0.8227229967427682,1
0.4323090655540569,-0.9235298962744312,0
0.18432640235139996,0.9595496442317175,0
-0.9906591874472362,0.13790979489761238,0
-0.6347045931298327,0.5775444559800773,0
0.8753963384838217,0.4412879374048314,0
-0.5345096554720266,-0.38795680012701195,1
1.0154701719031722,0.39589928841338207,0
-0.8697591609216956,0.45075067788558737,0
0.9317939087027309,-0.18776115350947492,0
-0.0367643621251314,1.0771402390070888,0
-0.1808714680770471,0.8337638264946455,1
-0.6256350225069959,-0.44231514756948426,1
0.6866494020476624,0.8038255361861107,0
-0.724566352427578,0.7299305057456071,0
0.5470515621575784,0.21578314334734972,1
0.7220126399557307,-0.4584933433851852,0
-0.77886045818786,-0.6973743179588209,0
1.044927956028863,0.18314793034404875,0
0.6271440847822866,0.8005995604598526,0
1.0063395452288724,0.26311135934742846,0
0.47473018399704847,0.8788255243115081,0
0.36585537289300885,0.6542330509900324,1
-1.2313987225092764,0.1738382436264444,0
-0.7096648994685273,0.5216232709535442,1
0.8872819739162224,-0.489205824028811,0
-0.8593521657729543,0.008150663280806505,1
0.6887364914489614,-0.7023771742876088,1
-1.0427433347833919,0.513414991787378,0
0.2066721909695462,-0.86344644185711,0
-0.26409622038301106,0.8442547680281022,0
1.000523437294618,0.24884602901332714,0
0.7922100725925975,0.46826340819269063,1
0.7095435659548648,0.6841729297534226,0
-0.4439730072252561,0.6924737879799852,1
0.9118854776069287,-0.676768410175865,0
-0.8995843073659797,-0.3458836055052388,0
0.8508947672168479,-0.23055690260004622,1
1.083933057655506,0.06264786195919923,0
0.05913409499780182,-0.6272414594988543,1
0.1362752753956842,0.8745520763227623,1
-0.495922463398152,-0.6568207578112245,1
-0.01279212311519327,-0.9020290447494983,1
-0.4149985259892495,0.626697619353797,1
-0.6485694165747189,0.6694949536234067,1
-0.497298718961612,-0.6796077026789421,1
0.5979079237200986,-0.845112300206489,0
-0.5000244063696812,0.8682968548613743,0
-0.8094919863841943,0.4443068092891641,0
-0.5004357414127099,-0.49116653599197596,1
0.7195477368086645,0.4434774738913053,1
-0.8737722790086947,0.5405099496840488,1
-1.0537003910401637,0.2467426548142828,0
-0.6627016181188753,0.7278661227969547,0
0.8267527218943327,-0.5724693695050792,0
0.18775033174689656,0.8049748773656582,1
-0.6336029927759378,0.48727017478965345,1
0.3260793958895429,0.9342045265898988,0
0.7073260548606474,0.11775378310284354,1
-0.8814349357673008,0.5531821244813134,0
0.7184195702659986,-0.07560243661953565,1
1.0086303328168431,-0.008718319765284588,1
0.0632552443477539,1.0918581491658963,0
0.5922125380825792,-0.9095071177727452,0
0.40140335521002474,0.8423883405588257,1
1.2118108877741456,-0.2605223713201597,0
-0.7801434606340305,0.33610483479944164,1
0.4607111696765656,0.7401559360330505,0
-0.33515545455833873,0.7648904700209223,0
0.7571954294847937,0.6026632755634882,1
-0.9199960575410613,-0.10186163290493967,0
-0.9489989867019885,-0.492459485220017,0
-0.9806272841454918,-0.20737867687744618,0
0.8079023547136097,-0.024332046201409954,1
-0.4430359013991468,1.0275959603003697,0
-0.42772298412121623,-1.0252225899827017,0
0.7357394058719333,-0.24636015842002026,1
-0.21895493830776602,-0.7980991666797308,1
-0.7627819163648275,-0.5674052847668942,0
0.4210487440744537,0.7793836832020605,0
0.08609578518723338,-1.1039934756165242,0
-1.0545643768213917,0.4952168593088775,0
0.7342177879222728,0.31585184067915184,1
0.7081892961898204,0.5614607387405709,1
0.6462878601700752,-0.18726845725107172,1
-1.0029345011290545,0.11106578888459004,1
-0.6975302211467803,0.11656615484771868,1
0.6961321224702921,-0.0016732054802558322,1
0.8195406379587624,-0.4125734055205186,0
0.562873141374377,0.37777111737042124,1
-0.04786415727236917,-0.8044543028531141,0
-0.17016364182733287,-0.7075695969879694,1
-0.7585322746192402,-0.3171023437135072,0
-0.654300247209746,-0.16633542933308915,1
-0.5875655677035602,0.767045744352066,0
-0.669942857527987,-0.4696638183606881,1
-0.9612820514415317,-0.1855362846924619,0
-0.5919664870878643,0.5216298194743526,1
0.0038288874568210562,0.6826502576371977,1
0.7666191262121611,0.5990320000024899,0
-0.48162346804446,-0.849155340989102,0
0.47372423293596355,-0.739557699803892,1
-0.9775153648020318,-0.2104346387241741,0
1.0309112739417414,0.0752399513114317,0
-0.7821937651921812,0.604434513335674,0
0.5966844872803181,0.7938592366224999,0
-0.9026163462330556,0.518148630040693,0
-0.3796280118651044,0.5303583276514406,1
0.3621924279053953,-0.7742419778079107,1
0.7565773912813822,0.7983716608361309,0
0.7741979428281194,-0.7688280626933046,0
-0.2021493576519451,0.5852877131273602,1
0.8125157968846778,-0.3293963759368811,1
0.8290314891241672,0.5552957997235539,0
-1.0282112334164926,-0.02380825872247179,0
-0.6508542129029877,-0.27833330909817805,1
0.8107780818274661,0.4957762182275992,0
0.6179841673586312,0.8963083297868781,0
0.7851089136588432,-0.722978605054928,0
-0.4608518792133325,0.9258715092491946,0
0.3085174444924602,-0.6718613614606026,1
-0.19430127650652806,1.102338559488912,0
-0.17503036539448014,-0.8996614699823793,0
0.7368757058368283,0.01881900206132596,1
0.06537173957391106,0.9532124525800902,1
0.2192026346587483,1.0454884151798525,0
0.31179749083604913,-0.7501549341469297,1
-0.16726934612495167,0.8152696831207416,0
0.03080792411146399,-0.6717759237846841,1
-0.1642492052137886,-0.9936881609630001,0
0.9032405058765941,0.3383234803602878,0
-0.1650376218909037,1.1022186010674022,0
-0.9238128312510191,-0.5318328493643989,0
-0.7441503979540087,0.27448638957495486,1
-1.1432637254943416,-0.35010795560346225,0
-0.23243593437668766,0.8599039293111786,1
0.392053363945032,0.748590572044068,1
0.7316456383620882,0.619316715259942,0
-1.0468784834926943,0.32729781812389025,0
0.04656669131478461,-0.8220559022964785,1
0.4526634663799638,0.9725229689835049,0
-0.7214108905464564,-0.5653796498507764,1
0.8677598283755439,-0.09702672455487532,1
-0.6360322420776789,-0.7525186721792715,0
-0.16260432999736865,0.832045885443154,1
0.15636598483412806,0.5386723101455507,1
-0.5750306202522084,-0.6014641626529482,1
0.06562983635553665,-1.0191316504858272,0
-0.0930695377718227,-0.7335141964054769,1
-0.1518326184546875,-1.0574172902920984,0
-0.26677364324547603,-0.7842494606888293,1
0.7816514077338825,-0.8628991812404525,0
-0.5209277237663303,-0.8916664644072239,0
0.3129683007906817,-0.7275570329690709,1
0.5267729302695122,-0.5702634471430855,1
1.1341165142599952,-0.3234293422927325,0
0.6087994822643581,0.6667720539522006,0
0.8623860742734538,-0.5236475803810947,0
0.37684656927544646,0.9080878394227366,0
0.9920890319556358,0.01989359655577071,1
-0.8114241233983946,0.22148017254608182,0
-0.4388806030708273,0.4202851848523469,1
-0.946703190344653,-0.06159271020658841,0
-0.816275092444499,0.43399025877977104,0
-0.4695395653798663,0.7420980906381598,1
0.2723160817603063,-1.004248316691997,0
0.059732644826589465,0.7531727646310703,1
-0.48746545671349256,0.6744787386073728,1
-0.6128364928041218,0.21642958998891762,1
-0.9322807611538522,0.18139982963944637,0
0.6815956799640644,0.4883398308398246,1
-0.9948275952580569,-0.4284026971385274,0
-0.9893233997356116,-0.2681628574779338,0
-0.5416717842069204,-0.6922149464280964,0
0.6033886759029771,-0.46961040214218064,1
0.6140210608727906,0.7201991464567978,0
0.23000537352945868,-0.985535763215862,0
-0.06080700565112831,-1.1113024465121537,0
-0.19303898797841004,-1.0589527003212078,0
0.056789787266484114,-0.6946371044630535,1
-0.16059973633404406,0.6950435725598165,1
0.9322645106594124,-0.08206912439732472,0
-0.5295072623041186,-0.7102927481250563,1
-0.8684797966670192,-0.3786758594114577,0
1.0031680614050529,0.05513984637274662,0
0.49017456866702,-0.4942631628611285,1
0.1593983540692115,0.971929794452558,0
0.4335692968201914,1.0640235266301952,0
0.3450137813422267,0.6682973140694908,1
-0.9855517331232964,-0.10342506357469369,1
-0.15592331468228732,-0.7927428379926136,1
0.38860190096736563,-0.6468989362367045,1
1.0157232634503957,-0.09140803162224366,0
-1.1184264421838195,0.23599455291397808,0
-0.3857879841598481,-0.8019622420634027,1
0.9267534061838,-0.14924853494162865,0
-0.7354420163667796,0.1449057251881669,1
0.8580529682560356,0.2809313286777906,0
-0.5797808416051847,-0.5896829558161658,1
0.6018231105871409,-0.19985552966568637,1
-0.16252329906216045,0.625947908894051,1
0.16589979475946204,0.9436975963062533,0
0.8487280169374543,0.36964045836690546,1
0.680297201346598,-0.26913968285535406,1
-0.19999013222055612,-1.0837737223810737,0
0.815724047590586,-0.2281250925542334,1
-0.8684202698783559,0.4736067486569082,1
0.6240657385080517,-0.2560484080162567,1
-0.6138180535539166,-0.8481462566735241,0
-0.1565289527092421,0.98186611862182,1
0.9086485444402723,-0.33489196471589955,0
-0.253832403329554,0.7117264433780252,1
0.6424187832483464,0.510983789559466,0
-0.718678390370536,0.14595946226479423,1
0.7021497268216691,-0.39802377560523833,1
0.17761458100022964,0.917207941782526,1
-1.0090172880215311,0.3378549448299757,0
0.6272558488540156,-0.6292250892242464,0
-0.9165587127307684,-0.4240433192996033,1
-0.7900593118724251,0.01188501532623239,1
-0.7778210419538709,-0.19847283428097934,1
-0.049346113667514374,-0.6701238971135169,1
-0.19141194161261676,0.925878843631278,0
-0.7556516285200399,0.8402525035442716,0
0.5703339237150249,-0.3397607610151958,1
-0.6834106473914909,0.8448954220378458,0
0.5317911978125875,-0.7990360640784385,0
0.6840257006944576,-0.5386023931832304,1
0.6167751964911599,0.7159167819569205,0
-0.2282699554299557,-0.6507967908625213,1
0.9901730202632107,0.3080509167287697,0
0.597466606933759,-0.09167644402049474,1
-0.6591564156713532,-0.4543621347134458,1
0.6282524016263469,0.9530877881685067,0
-0.14110165789137333,-0.8550101028877573,1
0.7611554229369808,0.018236798086876258,1
0.5891975200817771,-0.47022581887095005,1
-0.9569043403531069,0.38222276159690194,0
-0.6171099947759309,0.4528287860045247,1
0.43057596280471583,-0.8825301929210321,0
0.04470003194449157,0.8581408910925196,1
0.6756405786088119,-0.7387702798870579,0
0.5785984723826211,-0.6829725945364328,0
-0.5822337747213764,0.4647957298713677,1
-1.107185444156962,0.054556970720771474,0
0.13253891344906904,0.881151116031238,1
-0.809437566591499,0.2297920086575509,1
-0.5329740632320032,0.5831557548239472,1
0.820219846663383,0.07388526418787843,0
-0.011541283486241505,0.6495030550919181,1
0.6785083621906802,0.48155066870675417,0
-0.10977475749839088,1.032699906116027,1
0.23242321844055822,0.8123954864720937,1
-0.6319620746935959,0.5304352842575712,1
0.42291020847208116,-0.7693532216211558,0
-0.2518145185437992,-0.76628707239133,1
-0.7495490508287653,-0.05950342980039956,1
-0.7463418639273756,0.5795966314907762,1
-0.7798646779712812,-0.2656674156467487,0
0.8375762717712251,0.19152534139395003,1
-0.43201684214100977,-0.6581992616749168,0
-0.39504826411189675,-0.6501733849186462,1
-0.5521447544283472,0.8851941164156248,0
-0.15795656571756972,-0.8011007791055234,1
-0.44497358545984067,-0.8379830370561715,1
0.6994569174655544,0.33316454860649863,1
0.20457414674280833,-0.8077234297993139,0
0.7214614505164089,0.1363102949448151,1
-0.03261481287620039,-0.8574366786628268,1
0.3614601667466868,0.7612465437371688,1
0.7081138577303312,0.5211548371352939,1
0.7211867309352105,-0.9224290203989044,0
-0.7589173416630609,-0.12557785050926767,1
0.43957137962450654,1.0802544668189917,0
-0.7771518765501639,0.25367032426805,1
0.938650892072846,-0.3915551764643528,0
-1.100905358713785,-0.36771912522157174,0
-0.31630563687369295,-0.7645255489972297,1
0.5230084724362906,-0.5226912383326733,1
-0.9972504148009802,0.07385775017651908,1
0.7770242908916624,0.21556743517387883,1
-0.6120442208261386,0.1327261500153822,1
0.4524125166427787,0.935666668870644,0
0.6793657777570656,0.5218634527196359,1
-0.8926084092847588,0.692130498778195,0
0.6268898012463591,-0.5144978758495872,1
-0.777204042635212,0.4899962396230755,0
0.4230832678517921,-0.6650291934929138,1
-0.8423994529281601,-0.13591919831082844,1
-0.22487410500748142,-1.0591222864861494,0
-0.3620547089674652,1.0667082403424017,0
-0.6692443561736791,-0.5678329784555196,1
0.636760881844103,0.23377796851922805,1
-0.017129235015280908,-0.5569621551064936,1
-0.04444434303843871,1.0761284095989072,0
0.7517659853737979,0.2696180922089395,1
-0.8468887960442556,-0.3446563054800913,1
0.6592016787470218,0.394041049647126,1
0.6158688572642914,-0.5669694468191308,0
0.5770695553116293,0.4006132093548562,1
-0.6956858892005795,0.5605891957779545,1
-0.8759706880055969,0.11608229867939934,0
0.9323095382576793,0.29496184916988033,0
0.930576775988886,0.08251982239872495,0
-0.6623328608202852,0.7414107054089557,1
-0.07187827611652227,0.9270656422400065,1
0.8162473367352368,0.5927597773908173,1
-0.2551007842845604,-0.7451655164987528,1
1.1426072348781193,0.2716948158232405,0
-0.22264097581520842,0.7141568591022123,1
0.26830076078600384,-0.9317769054737216,0
0.5147517067444572,-0.7704602738340623,0
0.490845687353368,-0.8921022939044455,1
0.4479571542856202,-0.6748675424628265,1
0.25055105655474785,-0.6449485394079493,1
-0.8945999536959353,0.2152413482936121,1
0.8470248878594564,-0.48429430512976473,0
-0.5586696285528173,-0.8407535197453834,1
-0.8358355006045854,0.07360565588126318,1
-0.9963432932592182,0.28874642921909693,0
-0.8561117319141672,0.18707256602725036,0
-0.9201042633325852,-0.4045920667127244,1
0.928575776852964,0.2066057879890562,1
-0.11459397676250009,0.8993270944243398,1
0.9376644960210946,-0.1474425809865461,0
-0.9084361169537529,0.32091571205793634,0
0.5436581044700921,-0.6115762110084849,0
0.43409008325416554,0.5034662098663569,1
0.26894581155454744,-0.7379218930101035,1
1.0201191498065867,0.30708796875188654,0
-0.14665458463373834,-0.812746650258897,1
0.740562532508269,-0.3869256271392596,0
0.04112449406976061,1.0356148348807055,0
-0.9338450140464712,0.30847442658176855,0
0.9151987750215765,0.11576903306623464,0
-0.9455659411657518,0.2339065297563218,0
-0.48814332029592594,-0.642243516497816,1
-0.6754932738538533,0.7770909940611626,0
0.046621416930725815,-0.877045457345807,0
-0.4209594697527164,0.5252836441992951,1
0.01730304075028902,0.9167393261605081,0
0.35190674270757355,0.7561863841762557,1
0.5768740207986445,-0.6769450775184088,0
0.7380256829535304,-0.8966910225316025,0
-1.029450462676808,-0.439747559073871,0
-0.1336681663187669,0.9909539968982982,0
0.9187765889523112,0.011274472743101421,1
-0.8799304145359125,0.06967298604195224,0
0.29324824710001046,-0.958364548916592,0
0.7514408718762162,-0.3990028324466196,1
-0.5813114646899114,0.13582687164147483,1
-0.82352910923955,0.5482957914407867,0
0.2980692435348013,0.7057955066459856,1
-0.6164844611815048,0.41309431850746625,1
-0.6970776422573559,0.598207233061001,0
-0.8162099195161759,0.26282538583564974,1
1.0963836334707182,-0.23498521073620554,0
0.06389822294177847,-1.1372258435871183,0
0.28063894280567386,-1.1151755082197323,0
0.6844752059222308,0.2667041937615682,1
-0.836803307576006,0.47520148871625145,0
-0.3397057587229297,-0.7335308227495012,1
-1.0017024714770322,0.12517542452224978,0
-0.5437275816083601,-0.7868400511201028,0
0.28565955502550633,-0.9197142297122841,0
-0.31614212158945365,-0.9497386461176195,0
0.3536793505921124,0.9440429525400519,0
-0.5076944371935963,-0.7876150676900012,0
0.5793298790407944,0.8264144082345308,1
-0.959282749974846,-0.44229172688200447,0
-0.6098319763572805,-0.7472378945512506,0
-0.15409055401154065,0.6156998723668738,1
0.36296295320932515,0.8352766137791257,0
-0.8372323258943813,-0.11021538976492917,1
-0.0390289052694509,0.823034941850455,1
-0.9136066440382008,0.3501160314014891,0
0.4571156951848238,0.8972201544637958,0
0.9602848490461093,-0.48996475792108646,0
-0.7092866456117234,-0.7175992471834788,0
-0.9193639526309298,-0.48549979411055744,0
0.7153514259904193,0.24530490763918048,0
0.295859686597437,0.7943890478321012,0
-0.37014942593296846,0.920007545130963,0
0.36192978887096083,0.8685119137765928,1
-0.7972680756067579,0.08567021202799777,1
-0.5979475284565298,-0.641656639871315,1
-1.022909577369331,-0.01435066703245208,0
0.47624221195812966,-0.6345575741870384,1
-0.2593930227490943,1.0593659560672597,0
-0.6773250390157028,0.24346739376499282,1
-0.9745937581166253,-0.6298123881225546,0
0.2965876823834639,0.969418466640558,0
0.12812278698064503,0.7516145095708097,1
-0.07546121027911036,-0.7729253565036194,1
-0.7012080109321939,0.677433581740603,0
-0.8080397745475267,0.6670982865910313,0
0.873461681404949,-0.16105653948083493,0
0.1689944672195675,-0.804374277129137,1
-0.504461761944495,-0.44345566103567674,1
-0.7335103248535586,-0.7471513957652753,0
-0.6008701138242187,0.21349880105484567,1
0.7818908818443872,-0.9087528940590307,0
0.7846173195062948,0.5657253766655422,0
-0.30922436293714506,0.6087779935630891,1
0.7378221808961609,0.06425468737084844,1
-0.8533578030503945,-0.6549232431060448,0
0.12115283176482251,0.9625640864772734,0
-0.816789904058569,-0.621422660712997,0
-0.7807980172158345,-0.262787027502577,1
0.3524312324036884,1.2311494467173953,0
-0.7378610196380944,0.6964430490187817,0
-0.11475565547577452,-0.8484962651458895,0
-0.7864532746585939,0.5036876736921581,0
-0.7377108530146178,-0.13006226367795337,1
0.8696372935145348,0.3603754185782414,0
-0.6565161481943843,-0.272746527630527,1
0.13258136807295384,1.0446358767601645,0
0.9616129850537535,0.44853570349654703,0
0.9562677361847779,-0.5798399369651792,0
-0.14502795940765334,1.0267771995539328,0
-0.9493618232456367,0.36702418554256555,1
0.4563233935561287,0.36335845467878536,1
-0.7703437922703466,0.5915368792380131,0
0.04686819494395671,0.8347814560688629,0
-0.8091790673283372,-0.17339717873339944,1
0.7726211762563784,0.2734458292071043,1
-0.0359097230682449,-0.7586711216481206,1
-1.0485438691995683,-0.08017569859017012,0
-0.672154026987228,0.8436392197953295,0
-0.8012335124121229,0.5482936755421048,1
-0.38687597725520295,0.8719274414970166,0
-0.40536563270489506,-0.9035112262987597,0
-0.7070401651773232,0.6321314910638068,0
0.4870272734015395,-1.0565721438058873,0
-0.8094743482998735,0.48736331356219853,0
0.027801574335966223,0.6288043579559682,1
0.0002178625716223459,0.938318761568042,0
-0.8942790942217885,0.09627881145037537,0
-0.20386130897823976,-1.0977741030852206,0
0.34029677952470555,-1.1795677257907224,0
0.06577767148083856,0.8036857927356631,0
0.8952798078592679,-0.26045167265751595,1
-0.42786145339227283,-0.8279728637359183,1
0.6657352436177797,-0.7175248371340205,0
-1.024021358615185,-0.39826765046075513,0
0.4118389495690794,0.8161860210148635,1
-0.2968087504592279,0.7484860594053231,1
-0.7506969959296155,-0.32247035473051644,1
0.41742900400632565,-0.9185635510119277,0
